{
	"parent": "block/block",
	"textures": {
		"0": "barbequesdelight:block/grill_side",
		"1": "barbequesdelight:block/grill_top",
		"particle": "barbequesdelight:block/grill_side"
	},
	"elements": [
		{
			"from": [15, 0, 0],
			"to": [16, 10, 1],
			"faces": {
				"north": {"uv": [0, 6, 1, 16], "texture": "#0"},
				"east": {"uv": [0, 6, 1, 16], "texture": "#0"},
				"south": {"uv": [16, 6, 15, 16], "texture": "#0"},
				"west": {"uv": [1, 6, 0, 16], "texture": "#0"},
				"up": {"uv": [0, 0, 1, 1], "texture": "#missing"},
				"down": {"uv": [0, 0, 1, 1], "texture": "#0"}
			}
		},
		{
			"from": [15, 0, 15],
			"to": [16, 10, 16],
			"faces": {
				"north": {"uv": [15, 6, 16, 16], "texture": "#0"},
				"east": {"uv": [15, 6, 16, 16], "texture": "#0"},
				"south": {"uv": [15, 6, 16, 16], "texture": "#0"},
				"west": {"uv": [16, 6, 15, 16], "texture": "#0"},
				"up": {"uv": [0, 0, 1, 1], "texture": "#missing"},
				"down": {"uv": [0, 0, 1, 1], "texture": "#0"}
			}
		},
		{
			"from": [0, 0, 15],
			"to": [1, 10, 16],
			"faces": {
				"north": {"uv": [0, 6, 1, 16], "texture": "#0"},
				"east": {"uv": [0, 6, 1, 16], "texture": "#0"},
				"south": {"uv": [0, 6, 1, 16], "texture": "#0"},
				"west": {"uv": [15, 6, 16, 16], "texture": "#0"},
				"up": {"uv": [0, 0, 2, 2], "texture": "#missing"},
				"down": {"uv": [0, 0, 2, 2], "texture": "#0"}
			}
		},
		{
			"from": [0, 0, 0],
			"to": [1, 10, 1],
			"faces": {
				"north": {"uv": [15, 6, 16, 16], "texture": "#0"},
				"east": {"uv": [15, 6, 16, 16], "texture": "#0"},
				"south": {"uv": [0, 6, 1, 16], "texture": "#0"},
				"west": {"uv": [0, 6, 1, 16], "texture": "#0"},
				"up": {"uv": [0, 0, 2, 2], "texture": "#missing"},
				"down": {"uv": [0, 0, 1, 1], "texture": "#0"}
			}
		},
		{
			"from": [0, 10, 15],
			"to": [16, 16, 16],
			"faces": {
				"north": {"uv": [0, 0, 16, 6], "texture": "#0"},
				"east": {"uv": [0, 0, 1, 6], "texture": "#0"},
				"south": {"uv": [0, 0, 16, 5], "texture": "#0"},
				"west": {"uv": [15, 0, 16, 6], "texture": "#0"},
				"up": {"uv": [0, 0, 16, 1], "texture": "#1"},
				"down": {"uv": [0, 0, 16, 2], "texture": "#0"}
			}
		},
		{
			"from": [0, 10, 0],
			"to": [16, 16, 1],
			"faces": {
				"north": {"uv": [16, 0, 0, 6], "texture": "#0"},
				"east": {"uv": [15, 0, 16, 6], "texture": "#0"},
				"south": {"uv": [0, 0, 16, 6], "texture": "#0"},
				"west": {"uv": [0, 0, 1, 6], "texture": "#0"},
				"up": {"uv": [0, 0, 16, 1], "texture": "#1"},
				"down": {"uv": [0, 0, 16, 1], "texture": "#0"}
			}
		},
		{
			"from": [0, 10, 1],
			"to": [1, 16, 15],
			"faces": {
				"north": {"uv": [0, 0, 2, 5], "texture": "#missing"},
				"east": {"uv": [1, 0, 15, 6], "texture": "#0"},
				"south": {"uv": [0, 0, 2, 5], "texture": "#missing"},
				"west": {"uv": [15, 0, 1, 6], "texture": "#0"},
				"up": {"uv": [0, 1, 1, 15], "texture": "#1"},
				"down": {"uv": [0, 0, 1, 14], "texture": "#0"}
			}
		},
		{
			"from": [15, 10, 1],
			"to": [16, 16, 15],
			"faces": {
				"north": {"uv": [0, 0, 1, 6], "texture": "#missing"},
				"east": {"uv": [15, 0, 1, 6], "texture": "#0"},
				"south": {"uv": [0, 0, 1, 6], "texture": "#missing"},
				"west": {"uv": [1, 0, 15, 6], "texture": "#0"},
				"up": {"uv": [0, 0, 1, 14], "texture": "#1"},
				"down": {"uv": [0, 0, 1, 14], "texture": "#0"}
			}
		},
		{
			"from": [1, 15, 1],
			"to": [15, 15, 15],
			"faces": {
				"north": {"uv": [0, 0, 14, 0], "texture": "#missing"},
				"east": {"uv": [0, 0, 14, 0], "texture": "#missing"},
				"south": {"uv": [0, 0, 14, 0], "texture": "#missing"},
				"west": {"uv": [0, 0, 14, 0], "texture": "#missing"},
				"up": {"uv": [1, 1, 15, 15], "texture": "#1"},
				"down": {"uv": [1, 1, 15, 15], "texture": "#1"}
			}
		}
	],
	"display": {
		"thirdperson_righthand": {
			"rotation": [75, 45, 0],
			"translation": [0, 2.5, 0],
			"scale": [0.375, 0.375, 0.375]
		},
		"thirdperson_lefthand": {
			"rotation": [75, 45, 0],
			"translation": [0, 2.5, 0],
			"scale": [0.375, 0.375, 0.375]
		},
		"firstperson_righthand": {
			"rotation": [0, 45, 0],
			"scale": [0.4, 0.4, 0.4]
		},
		"firstperson_lefthand": {
			"rotation": [0, 225, 0],
			"scale": [0.4, 0.4, 0.4]
		},
		"ground": {
			"translation": [0, 3, 0],
			"scale": [0.25, 0.25, 0.25]
		},
		"gui": {
			"rotation": [30, 225, 0],
			"scale": [0.625, 0.625, 0.625]
		},
		"fixed": {
			"scale": [0.5, 0.5, 0.5]
		}
	},
	"groups": [
		{
			"name": "grill",
			"origin": [8, 8, 8],
			"color": 0,
			"nbt": "{}",
			"children": [0, 1, 2, 3, 4, 5, 6, 7, 8]
		}
	]
}